Scene,Estimated PAH cost,Estimated SAH cost,PAH cost with fallback,PAH intersections with fallback,PAH hit percentage,PAH cost without fallback,SAH cost without fallback,PAH intersections without fallback,SAH cost,SAH intersections,Max level PAH,Max leaf cost,Max leaf area,Max leaf hit probability,Max triangles per leaf,Max non fallback levels,Split plane quality threshold,Max children/father hit probability,Choose split plane PAH average,Choose split plane SAH average,Compute cost PAH average,Compute cost SAH average
SuzannePointFullOblique,23.07544708251953,37.51278305053711,23.700407028198242,14.505000114440918,0.20600000023841858,19.673168182373047,5.195970058441162,12.222000122070313,20.043598175048828,12.451000213623047,15,0.0,0.0,0.0010000000474974513,2,5,0.0,1.2999999523162842,0.00029617155087180436,0.00025755693786777556,0.00011033927876269445,6.972159462748095e-05
SuzannePointFull45,28.067218780517578,37.51278305053711,15.361202239990234,9.32699966430664,0.125,12.30160140991211,3.49668550491333,7.625,12.84880256652832,7.860000133514404,15,0.0,0.0,0.0010000000474974513,2,5,0.0,1.2999999523162842,0.00025983646628446877,0.0002517898101359606,0.00010643470159266144,6.978304736549035e-05
SuzannePointFullParallel,18.678131103515625,37.51278305053711,34.2324104309082,20.801000595092773,0.2980000078678131,27.461599349975586,9.645013809204102,17.08799934387207,30.282798767089844,18.690000534057617,14,0.0,0.0,0.0010000000474974513,2,5,0.0,1.2999999523162842,0.0004612839547917247,0.0003943503834307194,0.00014223801554180682,0.00011202727910131216
SuzannePointFull15,18.985910415649414,37.51278305053711,36.134002685546875,22.06999969482422,0.31200000643730164,29.742393493652344,9.290115356445313,18.520999908447266,31.831602096557617,19.643999099731445,15,0.0,0.0,0.0010000000474974513,2,5,0.0,1.2999999523162842,0.00035755784483626485,0.0003160338383167982,0.00012308447912801057,8.511607302352786e-05
