Scene,Estimated PAH cost,Estimated SAH cost,PAH cost with fallback,PAH intersections with fallback,PAH hit percentage,PAH cost without fallback,SAH cost without fallback,PAH intersections without fallback,SAH cost,SAH intersections,Overlapping %,Max level PAH,Max leaf cost,Max leaf area,Max leaf hit probability,Max triangles per leaf,Max non fallback levels,Split plane quality threshold,Max children/father hit probability,Choose split plane PAH average,Choose split plane SAH average,Compute cost PAH average,Compute cost SAH average
SuzannePlaneFullOblique,36.2685432434082,37.58332824707031,68.76797485351563,42.650001525878906,0.6949999928474426,61.02442932128906,25.38886260986328,38.082000732421875,63.0855827331543,39.525001525878906,0.1524789184331894,14,0.0,0.0,0.0010000000474974513,2,100,0.30000001192092896,1.2999999523162842,0.0003564954677131027,0.0002699674805626273,0.0005217589787207544,7.714960520388559e-05
SuzannePlaneFull45,44.767295837402344,37.58332824707031,61.13718032836914,36.736000061035156,0.5550000071525574,54.007972717285156,16.020671844482422,32.63800048828125,49.91438293457031,31.128999710083008,0.08642811328172684,18,0.0,0.0,0.0010000000474974513,2,100,0.30000001192092896,1.2999999523162842,0.0003175464808009565,0.0002481033152434975,0.00036488776095211506,7.465403905371204e-05
SuzannePlaneFullParallel,29.86237144470215,37.58332824707031,38.24844741821289,24.93199920654297,0.6949999928474426,33.68243408203125,14.970491409301758,22.384000778198242,47.35004425048828,29.549999237060547,0.019930746406316757,15,0.0,0.0,0.0010000000474974513,2,100,0.30000001192092896,1.2999999523162842,0.0003555441799107939,0.00031150938593782485,0.0003906156634911895,7.839051977498457e-05
SuzannePlaneFull15,31.720294952392578,37.58332824707031,47.87520980834961,30.486000061035156,0.6439999938011169,42.390419006347656,15.40673828125,27.451000213623047,50.9936408996582,31.775999069213867,0.06058456748723984,14,0.0,0.0,0.0010000000474974513,2,100,0.30000001192092896,1.2999999523162842,0.0003435857652220875,0.0003783661231864244,0.0004616142250597477,9.877408592728898e-05
