Scene,Estimated PAH cost,Estimated SAH cost,PAH cost with fallback,PAH intersections with fallback,PAH hit percentage,PAH cost without fallback,PAH intersections without fallback,SAH cost without fallback,SAH intersections without fallback,Max level PAH,Max leaf cost,Max leaf area,Max leaf hit probability,Max triangles per leaf,Max non fallback levels,Split plane quality threshold,Max children/father hit probability
Random100PlaneFull45Longest,15.775467872619629,18.60837745666504,38.599178314208984,21.030000686645508,0.11900000274181366,["plane",18.878808975219727,1000],null,38.599178314208984,null,8,0.0,0.0,0.0005000000237487257,2,100,0.10000000149011612,1.2999999523162842
Random100PlaneFullOblique,17.83737564086914,18.60837745666504,41.442359924316406,22.509000778198242,0.10300000011920929,["plane",22.11518669128418,1000],null,41.442359924316406,null,8,0.0,0.0,0.0005000000237487257,2,100,0.10000000149011612,1.2999999523162842
Random100PlaneFullParallel,12.017849922180176,18.60837745666504,29.102468490600586,16.10099983215332,0.16599999368190765,["plane",13.301260948181152,1000],null,29.102468490600586,null,8,0.0,0.0,0.0005000000237487257,2,100,0.10000000149011612,1.2999999523162842
Random100PlaneFull15,14.744243621826172,18.60837745666504,34.51806640625,18.959999084472656,0.12099999934434891,["plane",16.55886459350586,1000],null,34.51806640625,null,8,0.0,0.0,0.0005000000237487257,2,100,0.10000000149011612,1.2999999523162842
Random100PlaneFullObliqueLongest,17.83737564086914,18.60837745666504,40.737586975097656,22.003999710083008,0.11100000143051147,["plane",21.847980499267578,1000],null,40.737586975097656,null,8,0.0,0.0,0.0005000000237487257,2,100,0.10000000149011612,1.2999999523162842
Random100PlaneFullParallelLongest,12.421420097351074,18.60837745666504,29.256458282470703,16.0310001373291,0.15399999916553497,["plane",13.58084774017334,1000],null,29.256458282470703,null,9,0.0,0.0,0.0005000000237487257,2,100,0.10000000149011612,1.2999999523162842
Random100PlaneFull45,15.676506996154785,18.60837745666504,38.417205810546875,20.82699966430664,0.10300000011920929,["plane",18.44643211364746,1000],null,38.417205810546875,null,8,0.0,0.0,0.0005000000237487257,2,100,0.10000000149011612,1.2999999523162842
Random100PlaneFull15Longest,14.995362281799316,18.60837745666504,33.512454986572266,18.270999908447266,0.125,["plane",16.510059356689453,1000],null,33.512454986572266,null,8,0.0,0.0,0.0005000000237487257,2,100,0.10000000149011612,1.2999999523162842
