Scene,Estimated PAH cost,Estimated SAH cost,PAH cost with fallback,PAH intersections with fallback,PAH hit percentage,PAH cost without fallback,SAH cost without fallback,PAH intersections without fallback,SAH cost,SAH intersections,Overlapping %,Overlapping % culled,Max level PAH,Max leaf cost,Max leaf area,Max leaf hit probability,Max triangles per leaf,Max non fallback levels,Split plane quality threshold,Acceptable children/father hit probability,Excellent children/father hit probability,Choose split plane PAH average,Choose split plane SAH average,Compute cost PAH average,Compute cost SAH average
WoodPlaneFullParallelLongest,188.96778869628906,77.4055404663086,226.8184051513672,165.1719970703125,0.7369999885559082,202.25234985351563,79.50164031982422,149.6790008544922,130.4590606689453,85.51899719238281,0.6438494920730591,0.6723818778991699,23,0.0,0.0,0.0,1,100,0.8999999761581421,1.2999999523162842,0.8999999761581421,0.00027748048887588084,0.0003014214162249118,0.0013680878328159451,9.287365537602454e-05
WoodPlaneFull15Longest,318.2349548339844,77.4055404663086,332.17449951171875,247.8509979248047,0.6470000147819519,317.2109069824219,42.38978576660156,238.96099853515625,118.58097839355469,77.91899871826172,0.9648472666740417,0.9610423445701599,26,0.0,0.0,0.0,1,100,0.8999999761581421,1.2999999523162842,0.8999999761581421,0.00026495486963540316,0.00026254222029820085,0.0016817497089505196,7.542448292952031e-05
WoodPlaneFull45Longest,453.8088073730469,77.4055404663086,455.8213806152344,351.3269958496094,0.699999988079071,444.0566711425781,39.21598434448242,344.5329895019531,137.2176055908203,91.39299774169922,0.9111846089363098,0.9088081121444702,25,0.0,0.0,0.0,1,100,0.8999999761581421,1.2999999523162842,0.8999999761581421,0.0002534974191803485,0.0002516551176086068,0.0016101010842248797,7.313617243198678e-05
WoodPlaneFullObliqueLongest,310.0865783691406,77.4055404663086,330.4796142578125,244.822998046875,0.7039999961853027,319.3135986328125,37.72296142578125,238.30099487304688,114.63987731933594,75.36599731445313,0.9653282165527344,0.9655330181121826,22,0.0,0.0,0.0,1,100,0.8999999761581421,1.2999999523162842,0.8999999761581421,0.0002571680233813822,0.0002515031083021313,0.0017533500213176012,7.31508553144522e-05
